prize_name,year,session,author,author_country,book_title
Naoki Prize,1955,H2,Eikan Kyū,Taiwan,Gōrikiden (強力伝; lit. The Life of A Mountain Carrier) Honkon (香港; lit. Hong Kong)
Naoki Prize,1968,H2,Shunshin Chin,Taiwan,Seigyoku Shishi Kōro (青玉獅子香炉; lit. Sapphire Shishi Incense Burner) Kyōjin no Ori (僑人の檻)
Akutagawa Prize,1971,H2,Kaisei Ri,South Korea,"The Woman who Fulled Clothes (砧をうつ女, Kinuta o Utsu Onna)"
Naoki Prize,1981,H2,Kôhei Tsuka,South Korea,Kamata Kōshinkyoku (蒲田行進曲; lit. Kamata March) Kirai (機雷; lit. Sea Mine)
Akutagawa Prize,1996,H2,Yū Miri,South Korea,Kazoku Shinema (家族シネマ)
Naoki Prize,2000,H1,Kazuki Kaneshiro,South Korea,"May in the Valley of the Rainbow (虹の谷の五月, Niji no Tani no Gogatsu) Go"
Akutagawa Prize,2008,H1,Yang Yi,China,Toki ga Nijimu Asa (時が滲む朝)
Naoki Prize,2015,H1,Akira Higashiyama,Taiwan,Ryu (流)
Akutagawa Prize,2021,H1,Li Kotomi,Taiwan,Higanbana ga saku shima (彼岸花が咲く島)
